{"cameraMode":{"drawMode":0,"name":"Shaded","section":"Shading Mode"},"sceneLighting":true,"audioPlay":false,"sceneViewState":{"m_AlwaysRefresh":false,"showFog":true,"showSkybox":true,"showFlares":true,"showImageEffects":true,"showParticleSystems":true,"showVisualEffectGraphs":true,"m_FxEnabled":true},"in2DMode":false,"pivot":{"x":3.6582911014556886,"y":7.917587757110596,"z":-29.587799072265626},"rotation":{"x":-0.12010728567838669,"y":-0.15069222450256349,"z":0.018389618024230005,"w":-0.9811621308326721},"size":3.9177396297454836,"orthographic":false}